customer_id,churn_probability
5178-LMXOP,0.854669
0295-PPHDO,0.831426
6861-XWTWQ,0.829661
8884-ADFVN,0.818879
2545-EBUPK,0.818767
1069-XAIEM,0.818322
6023-YEBUP,0.816321
9057-SIHCH,0.814894
1400-MMYXY,0.814825
6630-UJZMY,0.814764
8161-QYMTT,0.813316
4750-ZRXIU,0.806875
2865-TCHJW,0.801865
3722-WPXTK,0.797956
3320-VEOYC,0.793512
0970-ETWGE,0.792029
8593-WHYHV,0.788497
1143-NMNQJ,0.787577
4927-WWOOZ,0.784295
4115-NZRKS,0.782144
8739-XNIKG,0.780579
8245-UMPYT,0.780473
9248-OJYKK,0.779153
2034-GDRCN,0.778418
9611-CTWIH,0.77755
4587-VVTOX,0.773947
6969-MVBAI,0.772949
4713-LZDRV,0.770039
9221-OTIVJ,0.76606
6230-BSUXY,0.765071
8258-GSTJK,0.764889
4415-IJZTP,0.760252
9334-GWGOW,0.754282
2077-MPJQO,0.753167
2514-GINMM,0.752999
6979-ZNSFF,0.750455
7249-WBIYX,0.750308
7817-BOQPW,0.748831
0655-RBDUG,0.746825
3519-ZKXGG,0.745549
2609-IAICY,0.745309
8083-YTZES,0.745148
4090-KPJIP,0.744744
2202-CUYXZ,0.743465
1320-HTRDR,0.741893
7209-JCUDS,0.740554
2027-FECZV,0.740075
6328-ZPBGN,0.739439
9878-TNQGW,0.738951
8443-ZRDBZ,0.737512
2985-FMWYF,0.737427
8622-ZLFKO,0.736661
7130-VTEWQ,0.736361
5382-SOYZL,0.734178
2959-MJHIC,0.733194
8375-DKEBR,0.732779
8752-STIVR,0.732475
4806-KEXQR,0.73233
5698-BQJOH,0.731961
4229-CZMLL,0.731368
7181-BQYBV,0.730165
8775-ERLNB,0.726583
3006-XIMLN,0.725854
7180-PISOG,0.725438
7235-NXZCP,0.725248
2495-INZWQ,0.725232
7218-HKQFK,0.723788
8541-QVFKM,0.722744
6892-XPFPU,0.720867
5052-PNLOS,0.720521
4342-HENTK,0.719663
3338-CVVEH,0.71962
8361-LTMKD,0.71897
3030-YDNRM,0.716181
1628-BIZYP,0.715565
4735-ASGMA,0.712279
3750-CKVKH,0.711801
3716-BDVDB,0.711469
3199-XGZCY,0.709335
6857-VWJDT,0.70901
1820-TQVEV,0.708661
7354-OIJLX,0.706631
5542-TBBWB,0.706466
9804-ICWBG,0.706466
3707-GNWHM,0.706237
5357-TZHPP,0.705837
9685-WKZGT,0.704517
3292-PBZEJ,0.702638
7363-QTBIW,0.702518
3244-DCJWY,0.699619
7029-RPUAV,0.699299
7273-TEFQD,0.699094
8699-ASUFO,0.698106
0841-NULXI,0.697983
5376-DEQCP,0.697385
9717-QEBGU,0.696874
6507-ZJSUR,0.695355
2761-OCIAX,0.694519
4445-ZJNMU,0.694427
6000-APYLU,0.693188
0679-IDSTG,0.693115
2845-HSJCY,0.692458
2485-ITVKB,0.691718
1980-KXVPM,0.691247
4631-OACRM,0.689838
6856-RAURS,0.689708
7005-CCBKV,0.689029
1016-DJTSV,0.687645
3721-CNEYS,0.687629
0871-URUWO,0.687252
4706-AXVKM,0.685578
5628-FCGYG,0.685431
6077-BDPXA,0.684783
1731-TVIUK,0.683282
2754-SDJRD,0.683234
5167-ZFFMM,0.68296
6372-RFVNS,0.682472
0004-TLHLJ,0.682283
9279-CJEOJ,0.682209
5159-YFPKQ,0.680843
6543-XRMYR,0.679311
1768-ZAIFU,0.678235
5419-CONWX,0.678187
7409-KIUTL,0.676983
6047-YHPVI,0.676732
9507-EXLTT,0.675956
7198-GLXTC,0.673442
2057-ZBLPD,0.67287
2867-UIMSS,0.671253
0390-DCFDQ,0.667766
6376-GAHQE,0.66671
8397-MVTAZ,0.666265
8873-GLDMH,0.665819
2254-DLXRI,0.664027
5228-EXCET,0.663495
4283-FUTGF,0.663139
2665-NPTGL,0.662106
1853-UDXBW,0.661637
4301-VVZKA,0.660854
2737-YNGYW,0.659976
3677-IYRBF,0.659296
6712-OAWRH,0.659001
6899-PPEEA,0.658802
5196-SGOAK,0.658163
7861-UVUFT,0.657425
5186-SAMNZ,0.657116
2439-LYPMQ,0.657002
1867-BDVFH,0.65572
3422-LYEPQ,0.654819
4873-ILOLJ,0.654761
1024-GUALD,0.653838
8739-WWKDU,0.653566
1475-VWVDO,0.652506
2025-JKFWI,0.652044
3585-ISXZP,0.649167
0235-KGSLC,0.646893
8380-PEFPE,0.645393
4817-VYYWS,0.644619
3877-JRJIP,0.642052
8266-VBFQL,0.641947
2482-CZGBB,0.639557
0685-MLYYM,0.639288
8821-XNHVZ,0.637495
1112-CUNAO,0.63661
7912-SYRQT,0.636033
0432-CAJZV,0.635967
0576-WNXXC,0.634897
1379-FRVEB,0.634003
3908-BLSYF,0.632239
9741-YLNTD,0.631274
6319-IEJWJ,0.631126
9054-FOWNV,0.628774
8709-KRDVL,0.628684
1448-PWKYE,0.628166
1751-NCDLI,0.625365
4983-CCWMC,0.625077
6137-NICCO,0.62436
2754-XBHTB,0.623867
0923-PNFUB,0.623499
9840-DVNDC,0.623347
0524-IAVZO,0.621997
6705-LXORM,0.621926
1302-UHBDD,0.620984
4029-HPFVY,0.620745
7534-BFESC,0.618453
5339-PXDVH,0.618354
2860-RANUS,0.618026
3672-YITQD,0.6175
0023-XUOPT,0.616389
8650-RHRKE,0.615381
5380-WJKOV,0.614833
7495-OOKFY,0.614186
4412-YLTKF,0.61235
0258-NOKBL,0.60818
5442-BHQNG,0.607636
7928-VJYAB,0.607514
9940-RHLFB,0.606752
0388-EOPEX,0.606576
1658-TJVOA,0.606566
3858-VOBET,0.604522
0616-ATFGB,0.604408
6338-AVWCY,0.604243
0581-BXBUB,0.603989
3365-SAIGS,0.603553
4686-UXDML,0.603538
9576-ANLXO,0.602761
8676-TRMJS,0.601988
1989-PRJHP,0.601795
8132-YPVBX,0.601087
7278-CKDNC,0.600666
6910-HADCM,0.599134
9050-QLROH,0.596999
9866-QEVEE,0.596696
4919-IKATY,0.596091
0506-LVNGN,0.595138
1077-HUUJM,0.594709
2187-PKZAY,0.594123
8621-MNIHH,0.593409
2325-NBPZG,0.593283
6821-BUXUX,0.590752
0330-IVZHA,0.589868
9692-TUSXH,0.589192
4647-MUZON,0.587985
0749-IRGQE,0.585994
0958-YHXGP,0.585135
9167-APMXZ,0.584327
8818-DOPVL,0.584126
4547-LYTDD,0.583694
6175-IRFIT,0.583547
6680-WKXRZ,0.582861
5144-TVGLP,0.581977
7571-YXDAD,0.579905
7952-OBOYL,0.579129
0899-LIIBW,0.576227
1894-IGFSG,0.576201
0376-YMCJC,0.575779
5501-TVMGM,0.571039
5480-HPRRX,0.57041
7748-UMTRK,0.569858
1236-WFCDV,0.569286
2041-JIJCI,0.569222
1335-NTIUC,0.56623
7881-EVUAD,0.564689
3063-QFSZL,0.564478
1092-GANHU,0.564395
4818-QIUFN,0.562885
9227-LUNBG,0.562174
7410-YTJIK,0.55917
0581-MDMPW,0.557184
8160-HOWOX,0.556251
7470-MCQTK,0.5549
8393-DLHGA,0.553815
0952-KMEEH,0.553698
0988-JRWWP,0.553477
7855-DIWPO,0.552004
3966-HRMZA,0.551411
4581-LNWUM,0.55067
4360-PNRQB,0.550198
3312-UUMZW,0.550153
9779-DPNEJ,0.549065
9572-WUKSB,0.548866
2309-OSFEU,0.546804
7603-USHJS,0.54579
1965-DDBWU,0.544398
8778-LMWTJ,0.543261
9638-JIQYA,0.543239
1522-VVDMG,0.542004
0876-WDUUZ,0.53813
7056-IMHCC,0.538016
2501-XWWTZ,0.537738
9465-RWMXL,0.537538
2919-HBCJO,0.537377
5760-FXFVO,0.536975
8938-UMKPI,0.536404
9283-LZQOH,0.535181
3717-OEAUQ,0.534935
8993-PHFWD,0.53425
0082-OQIQY,0.533255
8445-DNBAE,0.531846
6557-BZXLQ,0.530928
7018-WBJNK,0.530226
6284-AHOOQ,0.527862
5226-NOZFC,0.526661
0778-NELLA,0.526168
9747-DDZOS,0.526155
6834-NXDCA,0.524971
2800-QQUSO,0.523615
3312-ZWLGF,0.523195
8714-EUHJO,0.523008
9048-JVYVF,0.523001
2203-GHNWN,0.521035
0682-USIXD,0.519786
5606-AMZBO,0.51977
4846-WHAFZ,0.519173
6166-ILMNY,0.518337
9907-SWKKF,0.518312
4512-ZUIYL,0.51691
9851-KIELU,0.516137
8696-JKZNU,0.51415
5373-SFODM,0.513415
0963-ZBDRN,0.512768
1902-XBTFB,0.51226
8059-UDZFY,0.510254
7587-RZNME,0.509652
9643-AVVWI,0.508746
6331-LWDTQ,0.508329
2386-LAHRK,0.508174
6651-AZVTJ,0.507948
6661-HBGWL,0.50661
6034-YMTOB,0.506505
4658-HCOHW,0.505136
8903-XEBGX,0.504971
5650-YLIBA,0.504266
5281-BUZGT,0.503934
6608-QQLVK,0.503616
7279-BUYWN,0.503011
2694-CIUMO,0.502374
7851-FLGGQ,0.502296
8914-RBTSB,0.501666
9944-AEXBM,0.50087
4947-DSMXK,0.500165
4154-AQUGT,0.50013
1100-DDVRV,0.498806
6481-ESCNL,0.498582
2955-BJZHG,0.497838
8212-DJRCH,0.49733
9450-TRJUU,0.495956
5022-JNQEQ,0.494138
8849-AYPTR,0.493684
7181-OQCUT,0.493167
0256-LTHVJ,0.491476
7503-QQRVF,0.490985
9979-RGMZT,0.49083
2971-SGAFL,0.489482
1452-KIOVK,0.489267
5759-RCVCB,0.489201
3587-PMCOY,0.488582
6704-UTUKK,0.488522
9508-ILZDG,0.488464
4248-QPAVC,0.487844
3334-CTHOL,0.487821
3094-JOJAI,0.48763
6158-HDPXZ,0.485702
5016-IBERQ,0.484087
5889-JTMUL,0.481419
8378-LKJAF,0.480598
9512-UIBFX,0.480495
3932-CMDTD,0.478676
9752-ZNQUT,0.478298
1319-YLZJG,0.477977
1346-UFHAX,0.477393
9420-LOJKX,0.476802
2911-WDXMV,0.476607
2782-LFZVW,0.475424
1035-IPQPU,0.474866
6543-CPZMK,0.474328
6542-LWGXJ,0.471654
0599-XNYDO,0.468256
4317-VTEOA,0.467586
6402-EJMWF,0.467113
7404-JLKQG,0.464669
9576-SYUHJ,0.463528
9842-EFSYY,0.463499
5331-RGMTT,0.463385
8601-QACRS,0.463091
5609-IMCGG,0.462379
5129-JLPIS,0.461554
2587-EKXTS,0.460701
2178-PMGCJ,0.460404
8080-DDEMJ,0.460058
0430-IHCDJ,0.459868
4706-DGAHW,0.459305
6729-GDNGC,0.458993
3374-LXDEV,0.457354
9278-VZKCD,0.455516
2606-RMDHZ,0.453078
6377-WHAOX,0.452767
1833-TCXKK,0.452744
3540-RZJYU,0.452345
1436-ZMJAN,0.452147
2227-JRSJX,0.451873
7460-ITWWP,0.45174
6048-QBXKL,0.450538
2277-DJJDL,0.449819
8785-CJSHH,0.449384
7129-ACFOG,0.449144
9927-DSWDF,0.449014
5828-AVIPD,0.448879
3524-WQDSG,0.448646
4619-EVPHY,0.448292
7663-RGWBC,0.447379
0096-BXERS,0.445735
5461-QKNTN,0.445105
8058-DMYRU,0.444083
6022-UGGSO,0.443934
9710-ZUSHQ,0.443364
3331-HQDTW,0.442561
4570-QHXHL,0.441353
5351-QESIO,0.438132
3627-FHKBK,0.436015
5133-POWUA,0.43505
4237-RLAQD,0.434678
2432-TFSMK,0.433315
1942-OQFRW,0.43282
5692-FPTAH,0.432578
3780-YVMFA,0.430983
9389-ACWBI,0.430351
2277-VWCNI,0.42957
6946-LMSQS,0.429217
4993-JCRGJ,0.425737
3466-RITXD,0.425282
5651-YLPRD,0.424941
9369-XFEHK,0.424679
9286-DOJGF,0.423258
3197-ARFOY,0.422632
2988-PLAHS,0.42247
8280-MQRQN,0.422416
1261-FWTTE,0.421481
6317-YPKDH,0.420464
7504-UWHNB,0.420443
1536-HBSWP,0.420198
4840-ORQXB,0.420076
1310-QRITU,0.416602
3891-PUQOD,0.415576
7277-OZCGZ,0.415237
4905-JEFDW,0.414932
6711-VTNRE,0.413893
7529-ZDFXI,0.413573
4660-IRIBM,0.41352
0322-CHQRU,0.412985
0410-IPFTY,0.412892
8158-WPEZG,0.41242
6080-TCMYC,0.411366
6825-UYPFK,0.410806
0365-GXEZS,0.407806
3569-EDBPQ,0.406714
4678-DVQEO,0.403315
3237-AJGEH,0.403211
1816-FLZDK,0.402932
4760-THGOT,0.401907
5301-GAUUY,0.40074
4526-ZJJTM,0.398167
0015-UOCOJ,0.397741
5419-KLXBN,0.396407
4690-LLKUA,0.394145
2070-FNEXE,0.393864
9381-NDKME,0.393251
2960-NKRSO,0.390724
0310-MVLET,0.388277
2720-FVBQP,0.387972
8988-ECPJR,0.387229
0531-ZZJWQ,0.386152
9992-UJOEL,0.386131
6128-AQBMT,0.385438
6429-SHBCB,0.385077
2604-IJPDU,0.384511
0730-KOAVE,0.380778
7876-BEUTG,0.37985
3787-TRIAL,0.379652
4829-AUOAX,0.379351
6304-IJFSQ,0.379118
1471-GIQKQ,0.377996
5213-TWWJU,0.377388
4329-YPDDQ,0.376973
4208-UFFGW,0.376724
6710-HSJRD,0.373182
0422-UXFAP,0.372409
6845-RGTYS,0.369848
0363-QJVFX,0.369729
2139-FQHLM,0.369354
4223-WOZCM,0.368267
9812-GHVRI,0.367992
2452-KDRRH,0.366832
3658-KIBGF,0.365714
4226-KKDON,0.364683
5934-TSSAU,0.364477
1559-DTODC,0.362687
9112-WSNPU,0.360845
0265-PSUAE,0.359668
1465-LNTLJ,0.357531
1357-BIJKI,0.357134
6227-HWPWX,0.356042
6173-GOLSU,0.354003
2101-RANCD,0.353732
4323-SADQS,0.353717
8623-ULFNQ,0.353496
1205-WNWPJ,0.351195
2672-OJQZP,0.349344
2480-SQIOB,0.349309
4067-HLYQI,0.348377
1587-FKLZB,0.3438
2386-OWURY,0.341225
9819-FBNSV,0.341128
7054-LGEQW,0.341123
3173-NVMPX,0.339417
3207-OYBWH,0.337855
7669-LCRSD,0.335964
2257-BOVXD,0.335588
9732-KPKBW,0.332841
1895-QTKDO,0.330424
4983-CLMLV,0.328175
1956-YIFGE,0.328037
1169-WCVAK,0.327783
3923-CSIHK,0.327735
7055-HNEOJ,0.325119
9089-UOWJG,0.323459
2770-NSVDG,0.323022
9079-YEXQJ,0.322785
1174-FGIFN,0.322102
3466-WAESX,0.321526
6257-RJOHI,0.320709
8840-DQLGN,0.320099
5575-TPIZQ,0.319607
9661-MHUMO,0.319432
6646-QVXLR,0.318518
8757-TFHHJ,0.317791
9822-WMWVG,0.317163
5402-HTOTQ,0.316352
3018-TFTSU,0.315869
6234-PFPXL,0.315007
0327-WFZSY,0.314658
4640-UHDOS,0.313638
0431-APWVY,0.313054
0013-MHZWF,0.312273
7579-OOPEC,0.312229
1541-ETJZO,0.310875
3069-SSVSN,0.31051
6874-SGLHU,0.309968
1550-LOAHA,0.309661
7251-LJBQN,0.30929
0486-HECZI,0.309025
4819-HJPIW,0.308979
5949-HGVJL,0.308912
8728-SKJLR,0.308433
4724-WXVWF,0.308345
9767-FFLEM,0.307795
8033-VCZGH,0.307058
2692-PFYTJ,0.306256
8805-JNRAZ,0.30576
1370-GGAWX,0.305202
9700-ISPUP,0.30448
5207-PLSTK,0.30403
7623-TRNQN,0.303049
5438-QMDDL,0.299767
9327-QSDED,0.299466
2190-BCXEC,0.295804
7067-KSAZT,0.294107
6713-OKOMC,0.293762
5103-MHMHY,0.292207
9481-SFCQY,0.292022
7250-EQKIY,0.291564
4396-KLSEH,0.291384
4695-VADHF,0.29131
8455-HIRAQ,0.290726
5600-PDUJF,0.290045
0979-PHULV,0.289541
3567-PQTSO,0.287924
7410-KTVFV,0.286939
3594-KADLU,0.286904
0823-HSCDJ,0.28268
9103-TCIHJ,0.282284
6559-RAKOZ,0.281493
6769-DYBQN,0.280851
6854-EXGSF,0.280035
6664-FPDAC,0.275726
4937-QPZPO,0.274972
1848-LBZHY,0.272686
0668-OGMHD,0.270833
2195-VVRJF,0.270081
1217-VASWC,0.269594
6770-XUAGN,0.267155
5136-GFPMB,0.266744
9163-GHAYE,0.266168
2279-AXJJK,0.265503
5804-HYIEZ,0.264934
7750-EYXWZ,0.263958
4468-YDOVK,0.262882
2828-SLQPF,0.26218
7854-EKTJL,0.2621
0058-EVZWM,0.261919
4256-ZWTZI,0.261831
4667-OHGKG,0.261654
5136-RGMZO,0.261532
8450-JOVAH,0.26124
3325-FUYCG,0.260461
1575-KRZZE,0.260439
2391-SOORI,0.260319
0959-WHOKV,0.26021
3604-WLABM,0.259949
1809-DMJHQ,0.25963
2669-QVCRG,0.258879
2369-FEVNO,0.258156
7398-LXGYX,0.258096
6284-KMNUF,0.257483
2924-KHUVI,0.257382
7629-WIXZF,0.257151
1240-KNSEZ,0.256997
2293-IJWPS,0.256728
2108-YKQTY,0.256481
1622-HSHSF,0.255944
4672-FOTSD,0.255919
2778-OCLGR,0.253787
0471-ARVMX,0.253521
0742-MOABM,0.253254
6366-XIVKZ,0.253113
2522-AHJXR,0.252814
1360-JYXKQ,0.252609
9544-PYPSJ,0.250277
2480-EJWYP,0.249092
5186-EJEGL,0.248736
8992-CEUEN,0.24795
3756-VNWDH,0.247229
0719-SYFRB,0.246908
1470-PSXNM,0.246862
7054-ENNGU,0.246178
6815-ABQFQ,0.245927
4524-QCSSM,0.244702
7251-XFOIL,0.244416
7893-IXHRQ,0.242521
4945-RVMTE,0.242486
6184-DYUOB,0.242403
3594-IVHJZ,0.242357
1493-AMTIE,0.242039
6890-PFRQX,0.241013
7733-UDMTP,0.240565
7853-WNZSY,0.238736
1087-UDSIH,0.238617
0701-TJSEF,0.238394
7124-UGSUR,0.238186
2955-PSXOE,0.237991
8620-RJPZN,0.237643
6898-MDLZW,0.237267
9254-RBFON,0.236291
8713-IGZSO,0.234972
6773-LQTVT,0.234682
5630-AHZIL,0.232315
6473-ULUHT,0.231422
2478-EEWWM,0.230416
4003-FUSHP,0.229001
4693-VWVBO,0.227569
5949-EBSQK,0.22689
3982-XWFZQ,0.22613
3780-DDGSE,0.225712
6270-OMFIW,0.224192
3179-GBRWV,0.223895
7426-WEIJX,0.223638
2995-UPRYS,0.223505
7957-RYHQD,0.22329
2087-QAREY,0.222965
8190-ZTQFB,0.220608
0913-XWSCN,0.220604
8930-XOTDP,0.22052
2446-ZKVAF,0.220015
9629-NHXFW,0.219726
1074-AMIOH,0.218075
7395-XWZOY,0.217564
0463-WZZKO,0.217527
6483-OATDN,0.216685
8970-ANWXO,0.215789
2843-CQMEG,0.214393
1386-ZIKUV,0.21356
8409-WQJUX,0.213444
4016-BJKTZ,0.212601
4160-AMJTL,0.212498
8166-ORCHU,0.212414
0516-OOHAR,0.211576
9033-EOXWV,0.211547
9537-VHDTA,0.211376
7130-CTCUS,0.21129
0733-VUNUW,0.209769
9374-YOLBJ,0.209764
9788-YTFGE,0.209108
4377-VDHYI,0.208768
3679-XASPY,0.208761
5198-EFNBM,0.207423
0895-LMRSF,0.206357
9138-EFSMO,0.206258
5482-NUPNA,0.206182
0365-TRTPY,0.203961
3694-GLTJM,0.203627
6258-NGCNG,0.203292
3858-XHYJO,0.202974
2758-RNWXS,0.201937
8985-OOPOS,0.20131
4541-RMRLG,0.200927
6777-TGHTM,0.199308
9025-ZRPVR,0.199113
3794-NFNCH,0.198862
6733-LRIZX,0.198633
1015-OWJKI,0.197801
1110-KYLGQ,0.197579
5766-ZJYBB,0.196123
3930-ZGWVE,0.194456
7239-HZZCX,0.194456
7266-GSSJX,0.194411
4892-VLANZ,0.194219
3339-EAQNV,0.194184
6286-SUUWT,0.193508
6421-SZVEM,0.193494
8749-CLJXC,0.193035
4211-MMAZN,0.192093
9122-UMROB,0.191858
2668-TZSPS,0.191154
1855-CFULU,0.190942
3976-NLDEZ,0.190452
6654-QGBZZ,0.190302
4013-GUXND,0.189519
4237-CLSMM,0.189476
7134-MJPDY,0.18917
2091-MJTFX,0.188256
1963-VAUKV,0.187978
3639-XJHKQ,0.187691
2750-BJLSB,0.186872
2308-STERM,0.186361
3313-QKNKB,0.186259
1707-HABPF,0.185973
8495-PRWFH,0.184994
2155-AMQRX,0.184959
1051-GEJLJ,0.184757
9701-CDXHR,0.184661
4701-MLJPN,0.184567
1194-SPVSP,0.18315
5469-CTCWN,0.182988
0816-TSPHQ,0.182924
5951-AOFIH,0.182502
2252-JHJGE,0.181584
0048-LUMLS,0.181544
7919-ZODZZ,0.18154
3847-BAERP,0.180931
9139-WQQDY,0.180726
1784-BXEFA,0.18052
9844-FELAJ,0.180508
9097-ZUBYC,0.180359
6497-TILVL,0.180326
6776-TLWOI,0.18021
2839-RFSQE,0.179898
9565-JSNFM,0.17988
9820-RMCQV,0.179496
4753-PADAS,0.178984
0178-CIIKR,0.176296
6383-ZTSIW,0.175491
7017-VFULY,0.174456
9972-VAFJJ,0.17384
2700-LUEVA,0.173616
3090-QFUVD,0.172393
1385-TQOZW,0.171219
4184-VODJZ,0.170686
5140-FOMCQ,0.169528
9909-DFRJA,0.168884
9040-KZVWO,0.168879
5155-AZQPB,0.168358
6112-KTHFQ,0.167296
3413-CSSTH,0.166552
4700-UBQMV,0.166127
2659-VXMWZ,0.162783
1629-DQQVB,0.162557
0870-VEMYL,0.160447
9962-BFPDU,0.160132
8433-WPJTV,0.160114
7356-AYNJP,0.159384
5473-KHBPS,0.159286
3948-FVVRP,0.158702
4402-FTBXC,0.158353
0440-QEXBZ,0.158308
0484-FFVBJ,0.15638
5850-BDWCY,0.156373
3523-QRQLL,0.15554
9364-YKUVW,0.155531
9986-BONCE,0.155359
4075-JFPGR,0.155106
6583-SZVGP,0.154061
0373-AIVNJ,0.153854
2040-OBMLJ,0.153829
4190-MFLUW,0.153492
3675-EQOZA,0.153119
1852-XEMDW,0.152692
8053-WWDRO,0.152632
2159-TURXX,0.151447
4946-EDSEW,0.150625
4701-AHWMW,0.149292
2212-LYASK,0.148179
7764-BDPEE,0.145203
1360-XFJMR,0.144432
4079-VTGLK,0.142752
2748-MYRVK,0.14163
7879-CGSFV,0.141538
3011-WQKSZ,0.141405
7789-CRUVC,0.140492
5440-VHLUL,0.140373
5966-EMAZU,0.1403
3865-ZYKAD,0.139056
5014-WUQMG,0.138351
4332-MUOEZ,0.137835
5863-OOKCL,0.137447
9115-YQHGA,0.13724
2969-WGHQO,0.136945
0665-XHDJU,0.135737
2972-YDYUW,0.135111
2001-MCUUW,0.134245
3077-RSNTJ,0.132718
5240-CAOYT,0.132387
6164-HXUGH,0.132341
8849-GYOKR,0.131553
4830-FAXFM,0.130925
0997-YTLNY,0.130815
5533-RJFTJ,0.130769
0447-BEMNG,0.130684
5566-SOEZD,0.130464
6198-PNNSZ,0.130391
5921-NGYRH,0.129807
2923-ARZLG,0.128816
4489-SNOJF,0.127986
2233-TXSIU,0.127516
2001-EWBQU,0.127142
9633-DENPU,0.125826
9357-UJRUN,0.125684
2428-ZMCTB,0.125607
8671-KKKOS,0.125225
2019-HDCZY,0.124271
9367-TCUYN,0.123266
6838-HVLXG,0.123169
5081-NWSUP,0.122635
2294-DMMUS,0.12263
3623-FQBOX,0.121928
1346-PJWTK,0.121779
3680-CTHUH,0.121718
7572-KPVKK,0.121427
6900-RBKER,0.121387
8401-EMUWF,0.121258
9256-JTBNZ,0.120323
0297-RBCSG,0.119668
9039-RBEEE,0.11903
3181-MIZBN,0.11836
4002-BQWPQ,0.118208
7311-MQJCH,0.117404
9107-UKCKY,0.1174
9480-BQJEI,0.117258
4353-HYOJD,0.116629
0257-KXZGU,0.116191
7159-NOKYQ,0.115934
8735-NBLWT,0.115767
8457-XIGKN,0.115529
7531-GQHME,0.115343
5025-GOOKI,0.11525
0076-LVEPS,0.11351
0516-UXRMT,0.113067
2307-FYNNL,0.112177
4785-QRJHC,0.111869
3729-OWRVL,0.111327
5161-XEUVX,0.110555
7641-TQFHN,0.108022
6568-POCUI,0.107995
0440-UEDAI,0.107693
6297-NOOPG,0.107579
8034-RYTVV,0.106933
1131-SUEKT,0.106645
1218-VKFPE,0.10615
6933-FHBZC,0.106077
0377-JBKKT,0.10563
6784-XYJAE,0.105213
3571-DPYUH,0.10501
0536-ACXIP,0.104694
7803-XOCCZ,0.104077
2958-NHPPS,0.104041
7666-WKRON,0.10404
9378-FXTIZ,0.102967
9128-CPXKI,0.102508
0743-HRVFF,0.102124
3733-UOCWF,0.101532
2165-VOEGB,0.100493
2926-JEJJC,0.100471
9143-CANJF,0.099648
5360-LJCNJ,0.098874
4419-UJMUS,0.098182
1492-QGCLU,0.097598
5808-TOTXO,0.097265
3594-UVONA,0.096969
3896-RCYYE,0.095425
2533-QVMSK,0.094883
8780-RSYYU,0.094712
0289-IVARM,0.09464
8909-BOLNL,0.094306
6598-RFFVI,0.093829
5619-XZZKR,0.093581
9972-NKTFD,0.093315
2272-WUSPA,0.093126
9052-DHNKM,0.09268
5236-PERKL,0.09247
9330-VOFSZ,0.092157
6968-MHOMU,0.091927
9715-WZCLW,0.091753
2967-MXRAV,0.091093
1530-ZTDOZ,0.090988
3096-WPXBT,0.090542
9013-AQORL,0.090025
3893-JRNFS,0.08977
5027-YOCXN,0.089698
1744-JHKYS,0.089621
6242-SGYTS,0.089309
6968-URWQU,0.089296
1730-VFMWO,0.089008
6993-YCOBK,0.08865
4759-PXTAN,0.088637
7654-YWJUF,0.088012
0725-CXOTM,0.087787
5445-PZWGX,0.087667
5514-YQENT,0.087519
4501-UYKBC,0.087171
1729-VLAZJ,0.087167
2239-CFOUJ,0.087157
8582-KRHPJ,0.087109
5537-UXXVS,0.086315
1395-OFUWC,0.086293
2250-IVBWA,0.086031
9586-JGQKH,0.085562
6766-HFKLA,0.085503
2930-UOTMB,0.085385
2834-JKOOW,0.085384
4464-JCOLN,0.084796
5701-GUXDC,0.084646
7997-EASSD,0.084312
5709-LVOEQ,0.083755
5446-DKWYW,0.083727
7036-TYDEC,0.083399
9405-GPBBG,0.082809
0106-UGRDO,0.082493
1264-FUHCX,0.080911
8089-UZWLX,0.08081
8646-JCOMS,0.080137
3354-OADJP,0.079645
7010-ZMVBF,0.079504
7691-XVTZH,0.079196
2129-ALKBS,0.079067
7816-VGHTO,0.078511
7492-TAFJD,0.078155
1038-RQOST,0.078078
0164-APGRB,0.077466
9473-CBZOP,0.077279
0628-CNQRM,0.077107
3229-USWAR,0.076571
2746-DIJLO,0.076289
9308-ANMVE,0.076147
3324-OIRTO,0.075818
4223-BKEOR,0.074846
5857-XRECV,0.074536
0661-KBKPA,0.073732
9866-OCCKE,0.073696
9931-KGHOA,0.072944
1545-JFUML,0.072916
0980-FEXWF,0.072742
5271-YNWVR,0.072456
7663-CUXZB,0.072364
1952-DVVSW,0.072327
8573-JGCZW,0.071858
2877-VDUER,0.07173
5018-LXQQG,0.071507
6682-QJDGB,0.071434
7649-PHJVR,0.070865
8819-ZBYNA,0.070757
5049-MUBWG,0.070404
0983-TATYJ,0.070279
7762-ONLJY,0.070134
1444-VVSGW,0.069677
4137-JOPHL,0.069349
6967-PEJLL,0.069316
9313-QOLTZ,0.068993
5062-CJJKH,0.068804
2408-PSJVE,0.068696
6734-FQAJX,0.068689
9402-ROUMJ,0.068626
2522-WLNSF,0.068604
7032-LMBHI,0.068497
9822-BIIGN,0.067985
3530-VWVGU,0.067618
5753-QQWPW,0.067522
3750-YHRYO,0.06728
1136-XGEQU,0.065959
2788-CJQAQ,0.065203
0134-XWXCE,0.064808
7233-IOQNP,0.064622
5297-MDOIR,0.062802
5524-KHNJP,0.06261
1097-FSPVW,0.062338
8015-IHCGW,0.062013
9483-GCPWE,0.061469
2388-LAESQ,0.06098
4537-CIBHB,0.060948
5975-BAICR,0.060848
8591-TKMZH,0.060331
6075-QMNRR,0.059582
9351-HXDMR,0.05958
7677-SJJJK,0.05928
2323-ARSVR,0.059144
2171-UDMFD,0.059095
0074-HDKDG,0.058983
5671-RQRLP,0.058889
9412-ARGBX,0.058708
2798-NYLMZ,0.058529
6797-LNAQX,0.057688
7971-HLVXI,0.057291
8570-KLJYJ,0.057258
0307-BCOPK,0.056729
9917-KWRBE,0.056542
9142-XMYJH,0.056363
6434-TTGJP,0.055765
2907-ILJBN,0.055603
8690-UPCZI,0.055572
0866-QLSIR,0.055404
9070-BCKQP,0.055229
5236-XMZJY,0.055116
0727-BNRLG,0.055069
2368-GAKKQ,0.054797
8727-XDPUD,0.05469
5442-BXVND,0.054632
3301-VKTGC,0.054543
7191-ADRGF,0.054277
8741-LQOBK,0.054155
3766-EJLFL,0.052986
5505-OVWQW,0.052705
9298-WGMRW,0.052209
9637-CDTKZ,0.051332
1133-KXCGE,0.0509
1150-WFARN,0.050449
7838-LAZFO,0.050082
7369-TRPFD,0.050071
9220-ZNKJI,0.050003
0056-EPFBG,0.049317
1131-ALZWV,0.049275
7279-NMVJC,0.049032
6919-ELBGL,0.048847
8777-PVYGU,0.048732
9860-LISIZ,0.048551
6445-TNRXS,0.048255
1036-GUDCL,0.048251
7996-BPXHY,0.048208
3115-CZMZD,0.047932
9330-DHBFL,0.047668
1741-WTPON,0.047625
4359-INNWN,0.047517
2320-TZRRH,0.047026
4717-GHADL,0.046974
9534-NSXEM,0.046588
9313-CDOGY,0.046545
0019-EFAEP,0.046064
4627-MIHJH,0.045944
4086-ATNFV,0.045376
4376-KFVRS,0.044982
3396-DKDEL,0.044796
4378-MYPGO,0.044683
5061-PBXFW,0.043922
2245-ADZFJ,0.043735
0868-VJRDR,0.043509
8915-NNTRC,0.043237
1936-CZAKF,0.042844
2061-VVFST,0.042057
9289-LBQVU,0.041566
9209-NWPGU,0.041427
9758-MFWGD,0.041382
7338-ERIVA,0.041254
9867-XOBQA,0.04102
4304-TSPVK,0.040879
6527-PZFPV,0.040868
7375-WMVMT,0.040776
0017-IUDMW,0.040535
5468-BPMMO,0.040476
9906-NHHVC,0.040463
9030-QGZNL,0.040343
8400-WZICQ,0.040168
2325-ZUSFD,0.040138
4973-RLZVI,0.040098
0254-KCJGT,0.040083
2188-SXWVT,0.039856
8024-XNAFQ,0.039759
8763-KIAFH,0.039658
6194-HBGQN,0.039507
1271-UODNO,0.039267
3125-RAHBV,0.038943
6726-NNFWD,0.038931
9746-UGFAC,0.038534
3717-FDJFU,0.038328
9648-BCHKM,0.038265
2511-MORQY,0.03798
7359-WWYJV,0.037958
9777-IQHWP,0.037717
4500-HKANN,0.037702
7520-HQWJU,0.037697
6374-NTQLP,0.037307
5204-HMGYF,0.037177
5469-NUJUR,0.037146
3985-HOYPM,0.03704
8779-YIQQA,0.036869
0121-SNYRK,0.036681
6698-OXETB,0.036669
5825-XJOCM,0.03641
6848-YLDFR,0.03641
8809-XKHMD,0.036195
5495-GPSRW,0.036006
9108-EQPNQ,0.035862
2676-SSLTO,0.035851
8314-HTWVE,0.035678
1936-UAFEH,0.035375
5696-CEIQJ,0.03459
6461-PPAXN,0.034536
9720-JJJOR,0.034483
6061-GWWAV,0.034363
7690-KPNCU,0.034227
5063-IUOKK,0.034173
4709-LKHYG,0.034084
3926-YZVVX,0.033887
5245-VDBUR,0.03353
9640-ZSLDC,0.03334
5574-NXZIU,0.033007
1063-DHQJF,0.032963
2150-OEGBV,0.032351
8873-TMKGR,0.032328
5057-RKGLH,0.032226
2335-GSODA,0.032065
7337-CINUD,0.031985
1929-ZCBHE,0.031888
6823-SIDFQ,0.031368
1494-EJZDW,0.031076
0181-RITDD,0.031017
5519-TEEUH,0.030649
7632-YUTXB,0.030602
7322-OCWHC,0.030527
3506-OVLKD,0.030435
5820-PTRYM,0.030343
4648-YPBTM,0.030109
7581-EBBOU,0.030102
7471-MQPOS,0.030068
7636-PEPNS,0.030055
3705-PSNGL,0.029986
9530-GRMJG,0.02997
6519-ZHPXP,0.029722
3982-JGSFD,0.029591
3442-ZHHCC,0.029488
4877-TSOFF,0.029223
6013-BHCAW,0.028909
3831-YCPUO,0.028902
5917-RYRMG,0.028659
1023-BQXZE,0.028107
4530-NDRKU,0.027943
2088-IEBAU,0.027857
3055-VTCGS,0.027744
5170-PTRKA,0.027707
3812-LRZIR,0.027596
4227-OJHAL,0.027391
0164-XAIRP,0.027338
8782-NUUOL,0.027311
1139-WUOAH,0.027266
1776-SPBWV,0.027115
6064-ZATLR,0.026688
4981-FLTMF,0.026443
2541-YGPKE,0.026299
5318-YKDPV,0.026293
3865-ZFZIB,0.026093
8717-VCTXJ,0.025911
9926-PJHDQ,0.025834
2266-FUBDZ,0.025788
4702-HDRKD,0.025759
6322-HRPFA,0.025552
8869-TORSS,0.025478
4962-CHQPW,0.025407
6223-DHJGV,0.025189
4560-WQAQW,0.024764
9919-FZDED,0.024733
5893-PYOLZ,0.024691
1525-LNLOJ,0.023912
4703-MQYKT,0.023857
0559-CKHUS,0.023819
0513-RBGPE,0.023701
9824-QCJPK,0.023521
4737-HOBAX,0.023184
9945-PSVIP,0.023125
1265-HVPZB,0.023062
7061-OVMIM,0.023002
0979-MOZQI,0.022473
5313-FPXWG,0.022376
2892-GESUL,0.021923
6872-HXFNF,0.021862
9385-NXKDA,0.021666
6418-HNFED,0.021448
9548-LERKT,0.021365
8390-FESFV,0.021135
3649-JPUGY,0.020961
5380-XPJNZ,0.02044
4039-PIMHX,0.020424
1090-ESELR,0.020328
6203-HBZPA,0.020081
0263-FJTQO,0.019468
8345-MVDYC,0.019206
9359-UGBTK,0.019167
5924-SNGKP,0.018905
3489-VSFRD,0.01877
3978-YNKDD,0.018586
0057-QBUQH,0.018566
5702-KVQRD,0.018488
0707-HOVVN,0.018484
0298-XACET,0.018058
6681-ZSEXG,0.018011
9950-MTGYX,0.017878
5696-JVVQY,0.017723
6814-ZPWFQ,0.017682
5751-USDBL,0.017674
4751-ERMAN,0.017552
2805-AUFQN,0.017454
2987-BJXIK,0.017305
2812-REYAT,0.017076
8590-OHDIW,0.016859
8173-RXAYP,0.016653
6119-SPUDB,0.016632
2332-TODQS,0.016537
4335-UPJSI,0.016441
1227-UDMZR,0.016356
4213-HKBJO,0.016353
0230-UBYPQ,0.016278
6701-YVNQG,0.016186
9339-FIIJL,0.015941
0909-SELIE,0.015779
8626-PTQGE,0.01559
1122-YJBCS,0.015314
5498-IBWPI,0.015084
7401-JIXNM,0.014757
9674-EHPPG,0.014594
0123-CRBRT,0.01448
3251-YMVWZ,0.014439
1088-AUUZZ,0.014269
7216-KAOID,0.014258
5774-QPLTF,0.014257
6332-FBZRI,0.014077
1568-BEKZM,0.013825
0788-DXBFY,0.013797
9610-WCESF,0.013601
9968-FFVVH,0.013558
4955-VCWBI,0.013481
6685-GBWJZ,0.013339
4654-ULTTN,0.013297
0625-AFOHS,0.013108
7205-BAIAD,0.013015
4121-AGSIN,0.012961
6953-PBDIN,0.012713
3161-ONRWK,0.012628
4825-FUREZ,0.012623
8181-YHCMF,0.012587
2824-DXNKN,0.012538
0420-TXVSG,0.012475
7649-SIJJF,0.012435
5727-MYATE,0.012418
3508-VLHCZ,0.012418
9073-ZZIAY,0.012267
9067-SQTNS,0.012227
8292-ITGYJ,0.012118
0301-FIDRB,0.01199
5266-PFRQK,0.011766
8219-VYBVI,0.011741
0048-PIHNL,0.011654
5329-KRDTM,0.011589
8430-TWCBX,0.011542
2885-HIJDH,0.01137
3967-KXAPS,0.011062
2990-IAJSV,0.011056
2649-HWLYB,0.010749
0839-JTCUD,0.01058
6388-TABGU,0.010502
5845-BZZIB,0.010188
6374-AFWOX,0.010123
2263-SFSQZ,0.01001
4735-BJKOU,0.009822
1459-QNFQT,0.009715
6169-PPETC,0.009547
0379-DJQHR,0.009488
5181-OABFK,0.009455
4674-HGNUA,0.009423
2925-VDZHY,0.009388
8580-QVLOC,0.009324
7560-QJAVJ,0.009156
5296-BFCYD,0.009048
1716-LSAMB,0.009035
4521-WFJAI,0.009027
6288-CHQJB,0.00898
1047-RNXZV,0.008945
0608-JDVEC,0.008939
7408-OFWXJ,0.008901
3487-EARAT,0.008841
9588-YRFHY,0.008787
4012-YCFAI,0.008705
0732-OCQOC,0.008699
6080-LNESI,0.00857
4779-ZGICK,0.008312
6292-TOSSS,0.008237
5803-NQJZO,0.007926
7998-WNZEM,0.007914
9755-JHNMN,0.007772
4940-KHCWD,0.007682
0769-MURVM,0.007656
6096-EGVTU,0.00749
0052-YNYOT,0.007482
6164-HAQTX,0.007314
8241-JUIQO,0.007123
2954-PIBKO,0.007057
3470-OBUET,0.006775
5457-COLHT,0.006722
5324-KTGCG,0.006626
8532-UEFWH,0.006618
4018-PPNDW,0.006565
0562-FGDCR,0.006557
8338-QIUNR,0.006552
3948-KXDUF,0.006501
4299-OPXEJ,0.006402
3580-GICBM,0.006391
5666-MBJPT,0.006292
6365-HITVU,0.006288
3913-FCUUW,0.006196
4698-KVLLG,0.006191
6283-GITPX,0.00615
6248-BSHKG,0.00608
8701-DGLVH,0.006058
3200-MNQTF,0.006039
3071-MVJCD,0.005978
9114-DPSIA,0.005937
1709-EJDOX,0.005908
3884-UEBXB,0.00583
0463-TXOAK,0.005826
8028-PNXHQ,0.005722
3088-FVYWK,0.005673
2230-XTUWL,0.005571
3795-GWTRD,0.005509
4742-TXUEX,0.005476
4302-ZYFEL,0.005473
4785-FCIFB,0.005472
3400-ESFUW,0.005468
1697-LYYYX,0.005451
1085-LDWAM,0.005434
9372-TXXPS,0.005365
1862-QRWPE,0.00519
3429-IFLEM,0.005175
1705-GUHPV,0.005098
6370-ZVHDV,0.005087
8207-VVMYB,0.005076
9814-AOUDH,0.005073
3511-BFTJW,0.005036
5334-AFQJB,0.005027
6134-KWTBV,0.004986
2632-TACXW,0.004931
6349-JDHQP,0.004909
1574-DYCWE,0.004893
3967-VQOGC,0.004884
6917-FIJHC,0.004707
3970-XGJDU,0.004688
6340-DACFT,0.004577
1926-QUZNN,0.004526
6625-FLENO,0.004462
1767-CJKBA,0.004443
3646-ITDGM,0.004381
3027-YNWZU,0.004308
7167-PCEYD,0.004257
3454-JFUBC,0.004247
3836-FZSDJ,0.003983
2075-PUEPR,0.003972
8590-YFFQO,0.003892
0040-HALCW,0.003864
8129-GMVGI,0.00385
2525-GVKQU,0.003801
9135-HSWOC,0.003718
7729-XBTWX,0.003684
8735-SDUFN,0.003666
1820-DJFPH,0.003637
2696-RZVZW,0.003635
7114-AEOZE,0.003631
9286-BHDQG,0.003583
3563-SVYLG,0.003563
9430-NKQLY,0.003554
8711-LOBKY,0.003483
2616-FLVQC,0.003393
4312-KFRXN,0.00334
7717-BICXI,0.003255
2169-RRLFW,0.003188
2346-LOCWC,0.003154
7606-BPHHN,0.00308
7157-SMCFK,0.003048
8347-GDTMP,0.003043
6848-HJTXY,0.003031
1945-XISKS,0.002972
8619-IJNDK,0.002949
1830-IPXVJ,0.002852
9365-CSLBQ,0.002795
6345-FZOQH,0.002745
7515-LODFU,0.002743
0962-CQPWQ,0.002743
0397-ZXWQF,0.002742
2236-HILPA,0.002642
0174-QRVVY,0.002597
1555-HAPSU,0.002547
8165-ZJRNM,0.002521
8224-KDLKN,0.002514
0402-OAMEN,0.002484
7602-DBTOU,0.00248
0480-KYJVA,0.002463
4821-WQOYN,0.002358
3910-MRQOY,0.002238
1927-QEWMY,0.002099
9537-JALFH,0.002025
2984-RGEYA,0.001998
1403-GYAFU,0.001859
3642-BYHDO,0.001805
1166-PQLGG,0.001764
4086-WITJG,0.001763
0794-YVSGE,0.001738
4277-BWBML,0.001726
